{
  "post": [
    {
      "title": "shryeaa",
      "body": "newwww",
      "userId": 19,
      "id": 19
    },
    {
      "title": "hello",
      "body": "hia",
      "userId": 24,
      "id": 24
    },
    {
      "title": "hello",
      "body": "delll",
      "userId": 27,
      "id": 27
    },
    {
      "title": "hia",
      "body": "new",
      "userId": 28,
      "id": 28
    },
    {
      "title": "hello",
      "body": "main",
      "userId": 29,
      "id": 29
    },
    {
      "title": "hello",
      "body": "done",
      "userId": 31,
      "id": 31
    },
    {
      "title": "hello",
      "body": "now",
      "userId": 32,
      "id": 32
    },
    {
      "title": "hello",
      "body": "shreya",
      "userId": "dsgff",
      "id": 33
    },
    {
      "title": "hello",
      "body": "shreya",
      "userId": "dsgff",
      "id": 34
    },
    {
      "title": "hello",
      "body": "shreya",
      "userId": "dsgff",
      "id": 35
    },
    {
      "title": "hello",
      "body": "shreya",
      "userId": "dsgff",
      "id": 36
    },
    {
      "title": "hello",
      "body": "shreya",
      "userId": "dsgff",
      "id": 37
    },
    {
      "title": "hello",
      "body": "shreya",
      "userId": "dsgff",
      "id": 38
    },
    {
      "title": "hello",
      "body": "shreya",
      "userId": "dsgff",
      "id": 39
    },
    {
      "title": "hello",
      "body": "shreya",
      "userId": "dsgff",
      "id": 40
    },
    {
      "title": "hello",
      "body": "shreya",
      "userId": "dsgff",
      "id": 41
    },
    {
      "title": "hello",
      "body": "shreya",
      "userId": "dsgff",
      "id": 42
    },
    {
      "title": "hello",
      "body": "shreya",
      "userId": "dsgff",
      "id": 43
    },
    {
      "title": "hello",
      "body": "shreya",
      "userId": "dsgff",
      "id": 44
    },
    {
      "title": "hello",
      "body": "shreya",
      "userId": "dsgff",
      "id": 45
    },
    {
      "title": "hello",
      "body": "shreya",
      "userId": "dsgff",
      "id": 46
    },
    {
      "title": "hello",
      "body": "shreya",
      "userId": "dsgff",
      "id": 47
    },
    {
      "title": "hello",
      "body": "shreya",
      "userId": "dsgff",
      "id": 48
    },
    {
      "title": "hello",
      "body": "shreya",
      "userId": "dsgff",
      "id": 49
    },
    {
      "title": "hello",
      "body": "shreya",
      "userId": "dsgff",
      "id": 50
    },
    {
      "title": "hello",
      "body": "shreya",
      "userId": "dsgff",
      "id": 51
    },
    {
      "title": "hello",
      "body": "shreya",
      "userId": "dsgff",
      "id": 52
    },
    {
      "title": "hello",
      "body": "shreya",
      "userId": "dsgff",
      "id": 53
    },
    {
      "title": "hello",
      "body": "shreya",
      "userId": "dsgff",
      "id": 54
    },
    {
      "title": "hello",
      "body": "shreya",
      "userId": "dsgff",
      "id": 55
    },
    {
      "title": "hello",
      "body": "shreya",
      "userId": "dsgff",
      "id": 56
    },
    {
      "title": "hello",
      "body": "shreya",
      "userId": "dsgff",
      "id": 57
    },
    {
      "title": "hello",
      "body": "shreya",
      "userId": "dsgff",
      "id": 58
    },
    {
      "title": "hello",
      "body": "shreya",
      "userId": "dsgff",
      "id": 59
    },
    {
      "title": "hello",
      "body": "shreya",
      "userId": "dsgff",
      "id": 60
    },
    {
      "title": "hello",
      "body": "shreya",
      "userId": "dsgff",
      "id": 61
    },
    {
      "title": "hello",
      "body": "shreya",
      "userId": "dsgff",
      "id": 62
    },
    {
      "title": "hello",
      "body": "shreya",
      "userId": "dsgff",
      "id": 63
    },
    {
      "title": "hello",
      "body": "shreya",
      "userId": "dsgff",
      "id": 64
    },
    {
      "title": "hello",
      "body": "shreya",
      "userId": "dsgff",
      "id": 65
    },
    {
      "title": "hello",
      "body": "shreya",
      "userId": "dsgff",
      "id": 66
    },
    {
      "title": "hello",
      "body": "shreya",
      "userId": "dsgff",
      "id": 67
    },
    {
      "title": "hello",
      "body": "shreya",
      "userId": "dsgff",
      "id": 68
    },
    {
      "title": "sf",
      "body": "afs",
      "userId": "dfv",
      "id": 69
    },
    {
      "title": "hello",
      "body": "shreya",
      "userId": "dsgff",
      "id": 70
    },
    {
      "title": "ds",
      "body": "sd",
      "userId": "sd",
      "id": 71
    },
    {
      "title": "hello",
      "body": "shreya",
      "userId": "dsgff",
      "id": 72
    },
    {
      "title": "hello",
      "body": "shreya",
      "userId": "dsgff",
      "id": 73
    },
    {
      "title": "hello",
      "body": "shreya",
      "userId": "dsgff",
      "id": 74
    },
    {
      "title": "f",
      "body": "fv",
      "userId": "fv",
      "id": 75
    },
    {
      "title": "hello",
      "body": "shreya",
      "userId": "dsgff",
      "id": 76
    },
    {
      "title": "dfdf",
      "body": "dffdfffddfffd",
      "userId": "df",
      "id": 77
    },
    {
      "title": "hello",
      "body": "shreya",
      "userId": "dsgff",
      "id": 78
    },
    {
      "title": "sd",
      "body": "s",
      "userId": "s",
      "id": 79
    },
    {
      "title": "hello",
      "body": "shreya",
      "userId": "dsgff",
      "id": 80
    },
    {
      "title": "hello",
      "body": "shreya",
      "userId": "dsgff",
      "id": 81
    },
    {
      "title": "nm",
      "body": "nb",
      "userId": "nb",
      "id": 82
    },
    {
      "title": "hello",
      "body": "shreya",
      "userId": "dsgff",
      "id": 83
    },
    {
      "title": "hello",
      "body": "shreya",
      "userId": "dsgff",
      "id": 84
    },
    {
      "title": "hello",
      "body": "shreya",
      "userId": "dsgff",
      "id": 85
    },
    {
      "title": "sd",
      "body": "ds",
      "userId": "d",
      "id": 86
    },
    {
      "title": "hello",
      "body": "shreya",
      "userId": "dsgff",
      "id": 87
    },
    {
      "title": "hello",
      "body": "shreya",
      "userId": "dsgff",
      "id": 88
    },
    {
      "title": "hello",
      "body": "shreya",
      "userId": "dsgff",
      "id": 89
    },
    {
      "title": "hello",
      "body": "shreya",
      "userId": "dsgff",
      "id": 90
    },
    {
      "title": "hello",
      "body": "shreya",
      "userId": "dsgff",
      "id": 91
    },
    {
      "title": "hello",
      "body": "shreya",
      "userId": "dsgff",
      "id": 92
    },
    {
      "title": "hello",
      "body": "shreya",
      "userId": "dsgff",
      "id": 93
    },
    {
      "title": "hello",
      "body": "shreya",
      "userId": "dsgff",
      "id": 94
    },
    {
      "title": "hello",
      "body": "shreya",
      "userId": "dsgff",
      "id": 95
    },
    {
      "title": "hello",
      "body": "shreya",
      "userId": "dsgff",
      "id": 96
    },
    {
      "title": "hello",
      "body": "shreya",
      "userId": "dsgff",
      "id": 97
    },
    {
      "title": "hello",
      "body": "shreya",
      "userId": "dsgff",
      "id": 98
    },
    {
      "title": "hellox",
      "body": "shreyax",
      "userId": 99,
      "id": 99
    },
    {
      "title": "hello",
      "body": "shreya",
      "userId": "dsgff",
      "id": 100
    },
    {
      "title": "hello",
      "body": "shreya",
      "userId": "dsgff",
      "id": 101
    },
    {
      "title": "hello",
      "body": "shreya",
      "userId": "dsgff",
      "id": 102
    },
    {
      "title": "hello",
      "body": "shreyaq",
      "userId": 103,
      "id": 103
    },
    {
      "title": "s",
      "body": "hia",
      "userId": 104,
      "id": 104
    },
    {
      "title": "d",
      "body": "d",
      "userId": "d",
      "id": 105
    },
    {
      "title": "dsf",
      "body": "shreys",
      "userId": 106,
      "id": 106
    },
    {
      "title": "zxccz",
      "body": "zxzc",
      "userId": "zxzx",
      "id": 107
    },
    {
      "title": "zxccz",
      "body": "zxzc",
      "userId": "zxzx",
      "id": 108
    },
    {
      "title": "sd",
      "body": "sd",
      "userId": "sd",
      "id": 109
    }
  ]
}